Model,Train Accuracy,Train Loss,Validation Accuracy,Validation Loss,Test Loss,Test Accuracy,Training Duration,Total Epoch
EfficientNetB0,0.9044862389564514,0.25850313901901245,0.9022988677024841,0.2595057785511017,0.9536565542221069,1056.8497936725616,2206.4555265903473,26
EfficientNetB1,0.9327062368392944,0.1917182058095932,0.9080459475517273,0.2670958936214447,0.9519598484039307,0.7105882167816162,2206.4555265903473,26
EfficientNetB2,0.9421128630638123,0.15975213050842285,0.8994252681732178,0.25037121772766113,0.7639450430870056,0.7270588278770447,2206.4555265903473,26
EfficientNetB3,0.9645441174507141,0.11019003391265869,0.9454023241996765,0.13899728655815125,0.4136214256286621,0.8403921723365784,2206.4555265903473,26
EfficientNetB4,0.9826338887214661,0.061022717505693436,0.9626436829566956,0.10099729150533676,0.7956826090812683,0.8062745332717896,2206.4555265903473,26
EfficientNetB5,0.9862518310546875,0.042779650539159775,0.9683908224105835,0.1272522211074829,0.8640443086624146,0.7784313559532166,2206.4555265903473,26
EfficientNetB6,0.9833574295043945,0.05852803960442543,0.954023003578186,0.12699975073337555,0.8718081712722778,0.7462745308876038,2206.4555265903473,26
EfficientNetB7,0.9934877157211304,0.039940595626831055,0.9798850417137146,0.0778813436627388,0.7640460729598999,0.8184313774108887,2206.4555265903473,26
