Model,Train Accuracy,Train Loss,Validation Accuracy,Validation Loss,Test Loss,Test Accuracy,Training Duration,Total Epoch
EfficientNetB0,0.9232995510101318,0.22419677674770355,0.8879310488700867,0.3092406392097473,0.9806728959083557,0.7164705991744995,1526.4885349273682,18
EfficientNetB1,0.9175108671188354,0.22635726630687714,0.8821839094161987,0.30637335777282715,0.6632359623908997,0.7592157125473022,1526.4885349273682,18
EfficientNetB2,0.8979739546775818,0.26059940457344055,0.8908045887947083,0.27223509550094604,0.6652376055717468,0.7458823323249817,1526.4885349273682,18
EfficientNetB3,0.9269174933433533,0.18900646269321442,0.9339080452919006,0.21249046921730042,0.6092181205749512,0.7760784029960632,1526.4885349273682,18
EfficientNetB4,0.9384949207305908,0.1764935702085495,0.931034505367279,0.18265622854232788,0.7974718809127808,0.7325490117073059,1526.4885349273682,18
EfficientNetB5,0.9580318331718445,0.11311198025941849,0.9367815852165222,0.19697357714176178,0.6221199035644531,0.7976470589637756,1526.4885349273682,18
EfficientNetB6,0.9652677178382874,0.09494142979383469,0.9425287246704102,0.14113622903823853,1.0361591577529907,0.7541176676750183,1526.4885349273682,18
EfficientNetB7,0.9529666900634766,0.13452978432178497,0.9195402264595032,0.22740574181079865,1.4370824098587036,0.7090196013450623,1526.4885349273682,18
