Model,Train Accuracy,Train Loss,Validation Accuracy,Validation Loss,Test Accuracy,Test Loss,Training Duration,Total Epoch
EfficientNetB0,0.8994211554527283,0.2769289016723633,0.9224137663841248,0.19458919763565063,0.7560784220695496,0.7092756032943726,339.5813388824463,11
EfficientNetB1,0.9131693243980408,0.22825254499912262,0.9281609058380127,0.22580339014530182,0.7933333516120911,0.5343741178512573,662.4136887,22
EfficientNetB2,0.9167872667312622,0.21871431171894073,0.9080459475517273,0.2429523468017578,0.7713725566864014,0.6312017440795898,674.2461981773376,21
EfficientNetB3,0.9305354356765747,0.19749271869659424,0.9252873659133911,0.19507044553756714,0.8062745332717896,0.5447629690170288,854.1261405944824,23
EfficientNetB4,0.9327062368392944,0.16740861535072327,0.9454023241996765,0.15498027205467224,0.772156835,0.7304608225822449,832.4319131374359,16
EfficientNetB5,0.9421128630638123,0.16608335077762604,0.9511494040489197,0.1567646861076355,0.7847058773040771,0.8319877982139587,1036.6122896671295,15
EfficientNetB6,0.954413891,0.11752429604530334,0.9683908224105835,0.087919958,0.7631372809410095,1.105663776397705,1740.369936466217,20
EfficientNetB7,0.9377713203430176,0.16665180027484894,0.931034505,0.18573546409606934,0.7619608044624329,1.201279878616333,1995.8865900039673,17
